{
  "Logistic Regression": {
    "accuracy": 0.7868852459016393,
    "roc_auc": 0.8668831168831168,
    "f1": 0.821917808219178
  },
  "Random Forest": {
    "accuracy": 0.8360655737704918,
    "roc_auc": 0.9090909090909092,
    "f1": 0.8648648648648649
  },
  "XGBoost": {
    "accuracy": 0.819672131147541,
    "roc_auc": 0.8798701298701299,
    "f1": 0.8493150684931506
  },
  "Gradient Boosting": {
    "accuracy": 0.819672131147541,
    "roc_auc": 0.908008658008658,
    "f1": 0.8533333333333334
  },
  "best_model": "Random Forest"
}