{
  "Logistic Regression": {
    "fpr": [
      0.0,
      0.0,
      0.0,
      0.03571428571428571,
      0.03571428571428571,
      0.07142857142857142,
      0.07142857142857142,
      0.10714285714285714,
      0.10714285714285714,
      0.14285714285714285,
      0.14285714285714285,
      0.32142857142857145,
      0.32142857142857145,
      0.35714285714285715,
      0.35714285714285715,
      0.5,
      0.5,
      1.0
    ],
    "tpr": [
      0.0,
      0.030303030303030304,
      0.21212121212121213,
      0.21212121212121213,
      0.45454545454545453,
      0.45454545454545453,
      0.5757575757575758,
      0.5757575757575758,
      0.6363636363636364,
      0.6363636363636364,
      0.7272727272727273,
      0.7272727272727273,
      0.8787878787878788,
      0.8787878787878788,
      0.9696969696969697,
      0.9696969696969697,
      1.0,
      1.0
    ],
    "auc": 0.8668831168831168
  },
  "Random Forest": {
    "fpr": [
      0.0,
      0.0,
      0.0,
      0.10714285714285714,
      0.10714285714285714,
      0.17857142857142858,
      0.17857142857142858,
      0.21428571428571427,
      0.21428571428571427,
      0.2857142857142857,
      0.2857142857142857,
      0.39285714285714285,
      0.39285714285714285,
      1.0
    ],
    "tpr": [
      0.0,
      0.030303030303030304,
      0.5757575757575758,
      0.5757575757575758,
      0.6363636363636364,
      0.6363636363636364,
      0.6666666666666666,
      0.6666666666666666,
      0.9393939393939394,
      0.9393939393939394,
      0.9696969696969697,
      0.9696969696969697,
      1.0,
      1.0
    ],
    "auc": 0.9090909090909092
  },
  "XGBoost": {
    "fpr": [
      0.0,
      0.0,
      0.0,
      0.03571428571428571,
      0.03571428571428571,
      0.07142857142857142,
      0.07142857142857142,
      0.14285714285714285,
      0.14285714285714285,
      0.17857142857142858,
      0.17857142857142858,
      0.21428571428571427,
      0.21428571428571427,
      0.2857142857142857,
      0.2857142857142857,
      0.32142857142857145,
      0.32142857142857145,
      0.5,
      0.5,
      1.0
    ],
    "tpr": [
      0.0,
      0.030303030303030304,
      0.30303030303030304,
      0.30303030303030304,
      0.42424242424242425,
      0.42424242424242425,
      0.5454545454545454,
      0.5454545454545454,
      0.7272727272727273,
      0.7272727272727273,
      0.7575757575757576,
      0.7575757575757576,
      0.8181818181818182,
      0.8181818181818182,
      0.8484848484848485,
      0.8484848484848485,
      0.9696969696969697,
      0.9696969696969697,
      1.0,
      1.0
    ],
    "auc": 0.8798701298701299
  },
  "Gradient Boosting": {
    "fpr": [
      0.0,
      0.0,
      0.0,
      0.03571428571428571,
      0.03571428571428571,
      0.07142857142857142,
      0.07142857142857142,
      0.14285714285714285,
      0.14285714285714285,
      0.17857142857142858,
      0.17857142857142858,
      0.21428571428571427,
      0.21428571428571427,
      0.25,
      0.25,
      0.2857142857142857,
      0.2857142857142857,
      0.39285714285714285,
      0.39285714285714285,
      1.0
    ],
    "tpr": [
      0.0,
      0.030303030303030304,
      0.45454545454545453,
      0.45454545454545453,
      0.48484848484848486,
      0.48484848484848486,
      0.6363636363636364,
      0.6363636363636364,
      0.696969696969697,
      0.696969696969697,
      0.8181818181818182,
      0.8181818181818182,
      0.8787878787878788,
      0.8787878787878788,
      0.9090909090909091,
      0.9090909090909091,
      0.9696969696969697,
      0.9696969696969697,
      1.0,
      1.0
    ],
    "auc": 0.908008658008658
  }
}